aid,sex,feedingInterval,name,weight,originCountry,dob,enclosureID,speciesName
1,M,4,z,773.0,Portugal,4-7-2012,eid,latinName
2,F,10,fB,051070.7,Montenegro,15-7-1926,1,AAAAAAAAAAAAAAAAAAAA
3,F,9,nqOs,858410.92,American Samoa,23-5-2015,2,AAAAAAAAAAAAAAAAAAAB
4,F,58,uFYVi,29.2,Saint Barthélemy,14-1-2006,3,AAAAAAAAAAAAAAAAAAAC
5,F,2,iWP,180193.99,Jersey,2-1-1985,4,AAAAAAAAAAAAAAAAAAAD
6,F,5,eB,554961.89,Switzerland,11-3-2015,5,AAAAAAAAAAAAAAAAAAAE
7,F,05,MhFBYU,1.38,Jamaica,22-11-2023,6,AAAAAAAAAAAAAAAAAAAF
8,M,7,vOnwDS,8606.9,Ukraine,19-10-1985,7,AAAAAAAAAAAAAAAAAAAG
9,F,9,XxwfYsN,93856217.23,Guernsey,19-8-2023,8,AAAAAAAAAAAAAAAAAAAH
10,F,48,olCQpwb,881.18,"Moldova Republic of",12-9-1977,9,AAAAAAAAAAAAAAAAAAAI
11,M,85,gsySUcSD,3.8,Israel,11-1-1987,10,AAAAAAAAAAAAAAAAAAAJ
12,M,3,Cl,04.39,Martinique,9-7-1953,11,AAAAAAAAAAAAAAAAAAAK
13,F,9,vZvKNNt,140.81,San Marino,20-12-2013,12,AAAAAAAAAAAAAAAAAAAL
14,F,62,aYWZeJ,125.90,Guam,13-11-1954,13,AAAAAAAAAAAAAAAAAAAM
15,F,8,bQZwoBP,8.85,Lesotho,24-1-1939,14,AAAAAAAAAAAAAAAAAAAN
16,F,01,xYMvNqa,9274484.63,Saint Lucia,16-12-1932,15,AAAAAAAAAAAAAAAAAAAO
17,M,2,HJJ,25.70,Norway,22-6-1998,16,AAAAAAAAAAAAAAAAAAAP
18,M,6,AXXi,834.8,Palau,26-2-2012,17,AAAAAAAAAAAAAAAAAAAQ
19,F,9,rne,9002.47,Namibia,16-7-1983,18,AAAAAAAAAAAAAAAAAAAR
20,F,71,nWu,6652.87,Bosnia and Herzegovina,8-2-1970,19,AAAAAAAAAAAAAAAAAAAS
21,F,6,XZG,1.2,Åland Islands,7-10-1938,20,AAAAAAAAAAAAAAAAAAAT
22,F,20,aVajRLvO,7923238.7,Brunei Darussalam,2-12-2002,eid,latinName
23,M,0,YEW,986.1,Central African Republic,17-7-1971,1,AAAAAAAAAAAAAAAAAAAA
24,M,78,FGl,91.04,Western Sahara,6-8-1982,2,AAAAAAAAAAAAAAAAAAAB
25,M,07,vsVg,719597.0,Zambia,7-7-2008,3,AAAAAAAAAAAAAAAAAAAC
26,M,4,jdZh,04476.16,American Samoa,4-5-1994,4,AAAAAAAAAAAAAAAAAAAD
27,F,50,vrgWj,23848196.38,Tokelau,6-9-1930,5,AAAAAAAAAAAAAAAAAAAE
28,M,63,KbT,77847.8,Jersey,6-1-2015,6,AAAAAAAAAAAAAAAAAAAF
29,F,0,GGMcHoz,6221033.9,Sudan,13-8-2013,7,AAAAAAAAAAAAAAAAAAAG
30,F,9,EDIzST,7.25,Eswatini,19-9-2000,8,AAAAAAAAAAAAAAAAAAAH