latinName,commonName,requiredBiome,speciesGroup
AAAAAAAAAAAAAAAAAAAA,gsYRnXUbXGkpjCEpbVCtANF,9,lastname
AAAAAAAAAAAAAAAAAAAB,ehLxwmHoVwtkomhJXGytuyPKuQ,12,AAAAAAAAAA
AAAAAAAAAAAAAAAAAAAC,HddEzsTAzjBwyCESjyzjhA,1,AAAAAAAAAB
AAAAAAAAAAAAAAAAAAAD,SSyN,13,AAAAAAAAAC
AAAAAAAAAAAAAAAAAAAE,avGig,13,AAAAAAAAAD
AAAAAAAAAAAAAAAAAAAF,GihIEtMameSvstGwjqVNJlM,20,AAAAAAAAAE
AAAAAAAAAAAAAAAAAAAG,Qcftiy,6,AAAAAAAAAF
AAAAAAAAAAAAAAAAAAAH,FPcUUdGNPwFgMQcBuuQrIlNoqTiDlT,5,AAAAAAAAAG
AAAAAAAAAAAAAAAAAAAI,UNtNHakrtkUDcJRIRoI,2,AAAAAAAAAH
AAAAAAAAAAAAAAAAAAAJ,NXhDBydioPjYs,9,AAAAAAAAAI
AAAAAAAAAAAAAAAAAAAK,TeHbTfIkWLSpeOCaoWRLfI,13,AAAAAAAAAJ
AAAAAAAAAAAAAAAAAAAL,nwucriO,19,lastname
AAAAAAAAAAAAAAAAAAAM,zyLZfFAXQNDJBypiFbE,16,AAAAAAAAAA
AAAAAAAAAAAAAAAAAAAN,DeasyNPEwKmOeCbrJGxdaybXt,4,AAAAAAAAAB
AAAAAAAAAAAAAAAAAAAO,AYEpfDlyHOuLnkocSleyWWrSWjYd,2,AAAAAAAAAC
AAAAAAAAAAAAAAAAAAAP,yFcVh,18,AAAAAAAAAD
AAAAAAAAAAAAAAAAAAAQ,dMA,15,AAAAAAAAAE
AAAAAAAAAAAAAAAAAAAR,jhgPwiAVhhHFHhSvlnQiVqgcBm,7,AAAAAAAAAF
AAAAAAAAAAAAAAAAAAAS,IoWISCCBlwQEEkOSPhkb,11,AAAAAAAAAG
AAAAAAAAAAAAAAAAAAAT,koUiH,3,AAAAAAAAAH